<?xml version="1.0" encoding="UTF-8"?>
<beans xmlns="http://www.springframework.org/schema/beans"
       xmlns:xsi="http://www.w3.org/2001/XMLSchema-instance"
       xmlns:context="http://www.springframework.org/schema/context"
       xmlns:tx="http://www.springframework.org/schema/tx"
       xmlns:jpa="http://www.springframework.org/schema/data/jpa"
       xsi:schemaLocation="http://www.springframework.org/schema/beans
                           http://www.springframework.org/schema/beans/spring-beans.xsd
                           http://www.springframework.org/schema/context
                           http://www.springframework.org/schema/context/spring-context.xsd
                           http://www.springframework.org/schema/tx
                           http://www.springframework.org/schema/tx/spring-tx.xsd
                           http://www.springframework.org/schema/data/jpa
                           http://www.springframework.org/schema/data/jpa/spring-jpa.xsd">

    <!-- Сканирование компонентов -->
    <context:component-scan base-package="com.spaceships"/>

    <!-- Настройка источника данных -->
    <bean id="dataSource" class="org.springframework.jdbc.datasource.DriverManagerDataSource">
        <property name="driverClassName" value="org.postgresql.Driver"/>
        <property name="url" value="jdbc:postgresql://localhost:5432/NewSpaceShips"/>
        <property name="username" value="postgres"/>
        <property name="password" value="4579123"/>
    </bean>

    <!-- Настройка фабрики EntityManager -->
    <bean id="entityManagerFactory" class="org.springframework.orm.jpa.LocalContainerEntityManagerFactoryBean">
        <property name="dataSource" ref="dataSource"/>
        <property name="packagesToScan" value="com.spaceships.entity"/>
        <property name="jpaVendorAdapter">
            <bean class="org.springframework.orm.jpa.vendor.HibernateJpaVendorAdapter"/>
        </property>
        <property name="jpaProperties">
            <props>
                <prop key="hibernate.dialect">org.hibernate.dialect.PostgreSQLDialect</prop>
                <prop key="hibernate.show_sql">true</prop>
                <prop key="hibernate.hbm2ddl.auto">update</prop>
                <prop key="hibernate.format_sql">true</prop>
            </props>
        </property>
    </bean>

    <!-- Настройка менеджера транзакций -->
    <bean id="transactionManager" class="org.springframework.orm.jpa.JpaTransactionManager">
        <property name="entityManagerFactory" ref="entityManagerFactory"/>
    </bean>

    <!-- Включение управления транзакциями через аннотации -->
    <tx:annotation-driven transaction-manager="transactionManager"/>

    <!-- Добавление TransactionTemplate для программного управления транзакциями -->
    <bean id="transactionTemplate" class="org.springframework.transaction.support.TransactionTemplate">
        <property name="transactionManager" ref="transactionManager"/>
    </bean>

    <!-- Включение обработки аннотаций -->
    <context:annotation-config/>
</beans>