<?xml version='1.0' encoding='utf-8'?>
<!DOCTYPE hibernate-configuration PUBLIC
        "-//Hibernate/Hibernate Configuration DTD//EN"
        "http://www.hibernate.org/dtd/hibernate-configuration-3.0.dtd">
<hibernate-configuration>
    <session-factory>
        <property name="hibernate.connection.driver_class">org.postgresql.Driver</property>
        <property name="hibernate.connection.url">jdbc:postgresql://localhost:5432/NewSpaceShips</property>
        <property name="hibernate.connection.username">postgres</property>
        <property name="hibernate.connection.password">4579123</property>
        <property name="hibernate.dialect">org.hibernate.dialect.PostgreSQLDialect</property>
        <property name="hibernate.hbm2ddl.auto">none</property>
        <property name="hibernate.show_sql">true</property>
        <property name="hibernate.format_sql">true</property>

        <!-- Entities -->
        <mapping class="com.spaceships.entity.CosmicShip"/>
        <mapping class="com.spaceships.entity.CombatShip"/>
        <mapping class="com.spaceships.entity.ResearchShip"/>
    </session-factory>
</hibernate-configuration>