<?xml version="1.0" encoding="UTF-8"?>
<Configuration status="WARN">
    <Appenders>
        <!-- Вывод логов в консоль -->
        <Console name="Console" target="SYSTEM_OUT">
            <PatternLayout pattern="%d{yyyy-MM-dd HH:mm:ss} %-5p %c{1}:%L - %m%n"/>
        </Console>
        <!-- Вывод логов в файл -->
        <File name="File" fileName="logs/spaceships.log" append="true">
            <PatternLayout pattern="%d{yyyy-MM-dd HH:mm:ss} %-5p %c{1}:%L - %m%n"/>
        </File>
    </Appenders>
    <Loggers>
        <!-- Логгер для вашего пакета -->
        <Logger name="com.spaceships" level="debug" additivity="false">
            <AppenderRef ref="Console"/>
            <AppenderRef ref="File"/>
        </Logger>
        <!-- Корневой логгер -->
        <Root level="error">
            <AppenderRef ref="Console"/>
        </Root>
    </Loggers>
</Configuration>